주차장명,위도,경도
초안산근린공원주차장(구),37.64927895,127.0404744
마들스타디움(근린공원)(구),37.64391748,127.0585674
마장동(건물) 공영주차장(구),37.56993875,127.0351452
영등포여고 공영(구),37.51520496,126.915116
당산근린공원 공영(구),37.52552609,126.8957941
대림운동장(구),37.49965667,126.8948384
휘경마을 공영주차장(구),37.5880691,127.0580933
중산공영주차장(구),37.56867158,127.0589207
방학동 도깨비시장 공영주차장(구),37.6645806,127.0339057
은평평화공원(구),37.60573659,126.9231083
압구정 428 공영주차장(구),37.52701729,127.0264712
신림동공영주차장(구),37.48736246,126.9234342
포이초교 공영주차장(구),37.47564571,127.052365
수유2동 공영주차장(구),37.64603214,127.0219081
송중동(임시)공영주차장(구),37.61105539,127.0334978
바람개비주차장(구),37.53033824,126.8742749
구로디지털단지역 공영주차장(시),37.48543179,126.9012433
상계2동 공영주차장(구),37.6567376,127.067531
논현로22길(시),37.48150119,127.0478133
신당동 공영주차장(구),37.56204618,127.0144272
남산동 공영주차장(구),37.55923691,126.985624
충현어린이공원 공영주차장(구),37.55208362,127.0051946
불암산 공영주차장(구),37.66192599,127.0793403
역삼1문화센터 공영주차장(구),37.49534845,127.0332376
언북초교 공영주차장(구),37.51999434,127.0456589
삼성1문화센터 공영주차장(구),37.51434435,127.0626519
논현초교 공영주차장(구),37.50822463,127.0262625
언주초 공영주차장(구),37.48664435,127.0370504
연광초교지하공동주차장(구),37.62387156,126.9242215
구파발역 공영주차장(시),37.63800702,126.9193218
살곶이(평면) 공영주차장(구),37.55384954,127.0482917
응봉역공영주차장(구),37.55039155,127.0344811
마장축산물시장(건물) 공영주차장(구),37.571538,127.039926
볏골공원 지하공영주차장(구),37.54149243,126.844396
한누리(구),37.47743578,126.9770784
동작주차공원(구),37.50309257,126.9782686
신사동 제1공영주차장(구),37.48444431,126.915461
길음역환승주차장(구),37.60423761,127.0258183
잠원동방음언덕형공영주차장(구),37.51638775,127.0163891
반포2동 공영주차장(구),37.50421414,126.9954231
반포서래공영주차장[서래마을 3호점](구),37.49814931,126.9978319
청계산 청룡주차장(구),37.44657405,127.0598862
봉천복개3 공영주차장(시),37.48800038,126.9315393
독산동 금천교 공영주차장(시),37.46658707,126.8898868
신답고가 주변(구),37.57023162,127.050032
동대문소방서노상(구),37.56370597,127.066979
여의도공원앞1 노상주차장(구),37.52503851,126.919178
청계2(북2) 공영주차장(시),37.56882441,126.9962378
청계3(북1) 공영주차장(시),37.56967214,127.001126
가마산고가밑 공영주차장(시),37.4928576,126.8826674
청계3(남) 공영주차장(시),37.56904563,126.9996694
청계6(청평화) 공영주차장(시),37.56959934,127.0150827
청계1(남) 공영주차장(시),37.56799997,126.9899237
남대문 화물 공영주차장(시),37.56092361,126.9779427
한진면세점 앞(구),37.55630227,126.975572
해운센터 앞(구),37.56312811,126.9807402
신설동 공영주차장(시),37.57252061,127.0242568
천호2동노외주차장(구),37.54032781,127.1230483
구의3동 공영주차장(구),37.5391245,127.0913897
광진광장 공영주차장(구),37.54770648,127.0732696
암사1동 주차장(구),37.55289,127.1377215
양화진 공영주차장(구),37.545733,126.9112039
망원1-2 공영주차장(구),37.55558459,126.9058731
휘경유수지 공영주차장(구),37.58908686,127.0697738
덕원주차장(구),37.5623712,127.0687626
청계주차장(구),37.57223438,127.0342946
영등포동제3공영(구),37.517985,126.902785
신길1동공영(구),37.5102769,126.9186371
청파동1마을공원공영주차장(구),37.54294115,126.9684714
청파동청사(구),37.54549939,126.9699178
용산전자상가4(구),37.53388844,126.9600572
후암동주차장(구),37.55048874,126.9764859
영등포구청역 공영주차장(시),37.52432737,126.8954889
잠실역 공영주차장(시),37.51427683,127.1034141
장안2동 공영주차장(시),37.5782752,127.070619
해방촌노외 공영주차장(시),37.54438297,126.9843042
당산노외 공영주차장(시),37.52625065,126.8994538
명일동 공영주차장(시),37.55361065,127.1559121
도곡로21길 7 공영주차장(구),37.49250002,127.0388068
탄천제2호 공영주차장(구),37.49403327,127.087416
영희초교 공영주차장(구),37.49192117,127.0812916
배봉공영주차장(구),37.58693739,127.0620858
하늘공원주차장(구),37.48713079,126.8808015
개봉1동마을공동주차장(구),37.50455714,126.8460846
개봉1동 노외주차장(구),37.50001376,126.8510351
양재시민의숲(매헌)역 공영주차장(구),37.47037133,127.0385513
송정동(건물) 공영주차장(구),37.549976,127.0680728
동작대교 공영주차장(시),37.518577,126.983287
망원동 공영주차장(시),37.55955925,126.9066011
개화역 공영주차장(시),37.57798421,126.7982122
신대방역 공영주차장(시),37.48830327,126.9145228
구로디지털단지역(상) 공영주차장(시),37.48481135,126.9032339
학여울 공영주차장(시),37.49705092,127.0723954
일원터널 공영주차장(시),37.48285728,127.079372
창동역(서) 공영주차장(시),37.65237042,127.0456768
청암공영주차장(무인)(구),37.62472117,127.0153864
은혜공영주차장(무인)(구),37.62796164,127.0169995
송천동공영주차장(구),37.61458475,127.0251644
수유일공원공영주차장(구),37.63061186,127.0174307
번2동 공영주차장(무인)(구),37.62683533,127.0367553
미아동공영주차장(구),37.6285679,127.0223596
수유동쌈지마당공영주차장(구),37.63207449,127.0236192
당곡중학교공영 (지하주차장)(구),37.49190539,126.9330035
석계역 공영주차장(시),37.615292,127.062997
동구로 공영주차장(시),37.49510602,126.8918616
한마음주차장(구),37.53067739,126.8778804
적선동 주차장(시),37.57449014,126.9741859
해군본부앞 공영주차장(시),37.50439469,126.9211031
가산동 금천교 공영주차장(시),37.46588868,126.8870667
당산고가밑 공영주차장(시),37.53235797,126.9006576
을지로 공영주차장(시),37.56687934,127.0010084
연신중학교지하공동주차장(구),37.6232864,126.9250857
구청앞(구),37.6394929,127.0260328
신길5동 공영(구),37.5022256,126.9048131
남산공원 소월로 관광버스전용 주차장(시),37.55431755,126.978475
탑골공원 관광버스전용 주차장(시),37.57126963,126.987766
청계산근린광장(구),37.44649791,127.0561579
강일동 주차장(구),37.565988,127.172313
이경시장 공영주차장(구),37.59569002,127.06512
번동 햇살 주차장(구),37.62509512,127.0334319
봉수대공영주차장(구),37.61638404,127.1123001
양천사회단체봉사센터(구),37.53187194,126.875464
목동타운홀(구),37.53292894,126.8768775
마천동 3공영주차장(구),37.49615427,127.1498486
문정 공영주차장(구),37.49122464,127.1346929
대림노외 공영주차장(시),37.4928472,126.8943315
도봉산역 공영주차장(시),37.68972069,127.0448386
수서역남 공영주차장(시),37.4868589,127.1011147
남부골목 전통시장 고객주차장(구),37.53231129,126.8608566
까치산 전통시장 고객주차장(구),37.53154144,126.847861
송화골목 전통시장 고객주차장(구),37.54910323,126.8346531
가로공원로 지하 주차장(구),37.53758251,126.8393482
동대문 공영주차장(시),37.56710187,127.0121411
큰마을길(구),37.62338397,127.0243664
교육청길(구),37.62266051,127.0285386
신문로 공영주차장(구),37.57107424,126.9731594
서울글로벌센터 공영주차장(시),37.56983402,126.9815059
용답제2(평면) 공영주차장(구),37.56328524,127.056283
신교공영(구),37.58411794,126.9698478
오류1동 텃골주차장(구),37.4954652,126.8392484
천왕역 공영주차장(시),37.48728845,126.8391832
중곡시장주차장(구),37.56387377,127.0819848
매바위 공영주차장(구),37.58652245,126.9210871
자양전통시장 공영주차장(구),37.53380376,127.0816039
견인보관소(구),37.58901132,127.0691229
구룡 공영주차장(구),37.43718971,126.9042102
다목적 공영주차장(구),37.47633196,126.9018971
영등포본동제2공영(구),37.51332538,126.9140778
면목초교주자창(구),37.58919215,127.0757948
방배열린문화센터 공영주차장(구),37.48895873,126.9923298
풍납유수지공영주차장(구),37.52529597,127.1060433
나눔터길 노상공영(구),37.63632158,127.0221953
서강대역 환승 공영주차장(구),37.55102716,126.9364628
남부초등학교(지하주차장)(구),37.48490117,126.9221154
마장축산물시장 서문(건물) 공영주차장(구),37.5704876,127.0383274
다산아트 공영주차장(구),37.551642,127.004277
DDP북측 마장로 관광버스전용 주차장(시),37.56836018,127.0104831
영등포구청별관 공영주차장(구),37.528464,126.89437
동국제강 공영주차장(시),37.56733736,126.9834345
남대문 초입 관광버스전용 주차장(시),37.55958063,126.9758865
남대문 시장 관광버스전용 주차장(시),37.55944157,126.9756159
고척근린공원지하주차장(구),37.50559235,126.8519725
황학어린이공원 지하주차장(구),37.56754712,127.0181331
구로4동 주택가 공동 주차장(구),37.48968656,126.886952
한남동 공영주차장(구),37.53496611,127.0001918
독산4동 공영주차장(구),37.46943849,126.9045065
가산디지털 서측(구),37.48568215,126.879693
영남 공영주차장(시),37.51947074,126.902609
수유마을시장 공영주차장(구),37.63066419,127.0218459
시흥 4동 공영주차장(구),37.4594198,126.9087125
시흥 4동 (삼성)공영주차장(구),37.45459691,126.9090117
도곡초 공영주차장(구),37.49906096,127.0546851
서울놀이마당 공영주차장(구),37.508894,127.097779
신구초 공영주차장(구),37.52309456,127.0242926
역삼문화공원 공영주차장(구),37.50229995,127.0300608
천마 공영주차장(구),37.500313,127.154959
보라매공원동문주차장(구),37.493639,126.922978
빙수골장미(구),37.49317759,126.9340176
탄천(구),37.51248895,127.0692615
도산대로25길 32 공영주차장(구),37.52166886,127.0267945
방이고분 공영주차장(구),37.50794057,127.118192
가재울 공영주차장(구),37.63735694,127.0733182
송파나루공원 동호주차장(구),37.513126,127.106376
엔젤데이케이센터 지하주차장(구),37.48266125,126.970361
송파근린공원(구),37.506513,127.109587
한국통신(구),37.52833676,126.8712226
중구구민회관 부설(구),37.56862553,127.0060115
신길6동공영(구),37.50246528,126.9111455
경부제3녹지공영주차장(구),37.51357817,126.92347
경동고(구),37.58574745,127.014984
정릉시장(구),37.60821867,127.0094212
청계7가 공영주차장(시),37.57023639,127.0167509
동순라길(종묘) 관광버스전용 주차장(시),37.57248168,126.9966381
세운상가밑(구),37.56938589,126.9954957
태화관(구),37.57232736,126.9847199
동일상가아파트 이륜차 주차장(구),37.57148094,127.0192347
숭인상가아파트 이륜차 주차장(구),37.57208421,127.0207355
필운대로 도미노피자앞 이륜차 주차장(구),37.57985852,126.9686396
낙산성곽 버스전용 주차장(구),37.58024201,127.0100353
열린마당(구),37.575298,126.9787421
종각(구),37.56954962,126.9836479
원서공원 앞(구),37.5782594,126.9893581
창대교회 옆 이륜차 주차장(구),37.57457238,127.0163165
광화문빌딩(구),37.57158924,126.9730718
삼청공원앞(구),37.58752476,126.9831718
청계1(북) 공영주차장(시),37.56831662,126.9893367
종로63가길 이륜차 주차장(구),37.57725858,127.0186748
힐스테이트옆 이륜차 주차장(구)(구),37.57520211,127.0209485
종로40길 이륜차 주차장(구),37.57053812,127.0067987
창신쌍용2지구 북측 이륜차 주차장(구),37.58043112,127.0105621
한미빌딩옆(구),37.57195793,126.9844611
한미빌딩옆(구),37.57185042,126.9844954
청계5(북1) 공영주차장(시),37.56988503,127.0075057
청계5(동호로_북) 공영주차장(시),37.57028463,127.0021223
청계3(창경궁로_북1) 공영주차장(시),37.56987505,126.9979546
롯데캐슬 뒤 이륜차 주차장(구),37.57420786,127.016539
경복궁역 이륜차 주차장(구),37.57623266,126.9723516
청계2(돈화문로) 공영주차장(시),37.56904162,126.9923908
사직로3 관광버스 주차허용 구간(시),37.57451943,126.9676161
창의문로 관광버스 주차허용 구간(시),37.58960595,126.9716846
사직로1 관광버스 주차허용 구간(시),37.57612896,126.9709802
관철동 공영주차장(시),37.56843983,126.9862811
청계6(북) 공영주차장(시),37.56999345,127.0145813
낙산성곽길 이륜차 주차장(구),37.57243531,127.0094039
청계2(북1) 공영주차장(시),37.568682,126.994673
창경궁로1 관광버스 주차허용 구간(시),37.57930741,126.9964721
사직로2 관광버스 주차허용 구간(시),37.57584114,126.9713875
당고개위 공영주차장(시),37.67042332,127.0805663
수락산디자인서울거리(구),37.67524109,127.0573756
주공7단지옆(구),37.65638366,127.061401
(구)북부지법주변(구),37.61937697,127.0774836
유경백화점뒤(구),37.6502476,127.0775882
주공6단지상가주변(구),37.65375823,127.0620217
청구건영아파트옆(구),37.64812598,127.0760585
신한증권옆(구),37.65125221,127.0776265
주공5단지옆(구),37.65213801,127.0768532
방이습지 노상공영주차장(구),37.507871,127.13803
위례성길(A) 노상공영주차장(구),37.51679483,127.1140059
부영그린(구),37.53716845,126.8812642
공유) 상도2동 170-27(구),37.50483139,126.9416512
성내역(잠실나루역) 공영주차장(시),37.51806271,127.1050057
공유) 사당1동 가블럭(구),37.48352948,126.9776632
공유) 사당3동 다블럭(구),37.48431181,126.9736807
동작대교(위) 공영주차장(시),37.50540496,126.9806647
신림동제2공영(구),37.484629,126.925637
조원동제2공영(구),37.48357108,126.9036616
낙성대제2공영(구),37.47468415,126.9599001
낙성대제1공영(구),37.47763165,126.9589021
서원동제1공영(구),37.48326516,126.927269
공유) 151-100(구),37.51864629,127.0562966
도산대로45길(구),37.52359465,127.0353692
헌릉로745길(구),37.46945927,127.1182401
영동대로106길(구),37.51318723,127.061367
압구정로29길(구),37.52995975,127.0277101
논현로28길(구),37.48366374,127.0444185
테헤란로64길(구),37.50462221,127.0510959
선릉로146길(구),37.52173572,127.0401232
선릉로132길(구),37.51817835,127.0426046
영동대로85길(구),37.50581197,127.0583703
남부순환로397길(구),37.49423318,127.0606595
대치동507-3(구),37.49322295,127.0622786
영동대로96길(구),37.50970454,127.0644753
언주로171길(구),37.52760321,127.0318953
압구정고가1 공영주차장(시),37.52595798,127.0284388
동호대교(남) 공영주차장(시),37.53089304,127.0247078
압구정고가2 공영주차장(시),37.52575088,127.0284385
대림역2 공영주차장(시),37.4963164,126.8935591
제방도로 공영주차장(시),37.49925013,126.8928943
등촌3동 구암길(구),37.56119329,126.8461228
화곡6동 방죽길(구),37.55246218,126.8511917
화곡1동 배다리서길(구),37.52814279,126.8399297
화곡4동 배다리동길(구),37.53000756,126.8586131
화곡2동 배다리동길(구),37.5294004,126.8548444
화곡8동 배다리동길(구),37.52910173,126.8512885
화곡1동 달구지길(구),37.53304405,126.8370988
화곡6동 신학대길(구),37.55076408,126.850346
방신시장 고객주차장(구),37.5718466,126.8130686
가양3동 황금내공원길(구),37.56319812,126.8615346
등촌3동 꿈나무길(구),37.55974636,126.8463185
망원 유료 주차장(구),37.5542172,126.9018679
용강동 노상 공영주차장(구),37.54084621,126.9423728
화곡6동 신학대길(구),37.55038698,126.8503951
동교동 노상 공영주차장(구),37.55604854,126.9268063
방화로 공영주차장(시),37.55359861,126.8167318
경남 공영주차장(구),37.55414318,126.9191948
연남 유료 주차장(구),37.56207319,126.9244254
합정 노상 공영주차장(구),37.54900017,126.9160713
청기와 유료 주차장(구),37.55477169,126.9127194
청계3(창경궁로_남) 공영주차장(시),37.56821635,126.9979592
세운대림상가(서측)(구),37.566771,126.995256
동대문비즈센터앞 이륜차 주차장(구),37.56648337,127.0128093
청계5(동호로_남) 공영주차장(시),37.56863128,127.0022548
이화여고 앞(구),37.565232,126.968542
공유) 삼풍상가3구간(14~17)(구),37.56464231,126.9959147
청계3(창경궁로_남) 공영주차장(시),37.56826994,126.9979549
중앙의료원옆 이륜차 주차장(구),37.56727378,127.0071971
세운대림상가(동측)(구),37.5678087,126.9956731
성산로 관광버스 주차허용 구간(시),37.56581304,126.91348
청계5(남) 공영주차장(시),37.56950919,127.0074366
당인 유료 주차장(구),37.54581184,126.9175034
청계5가 공영주차장(시),37.56957338,127.0087247
남평화시장(구),37.568903,127.011511
맑은내길 노상공영주차장(구),37.56871261,127.0121914
훈련원공원 옆(구),37.567224,127.004636
구민회관앞 이륜차 주차장(구),37.56820983,127.0064557
청계6(신평화시장앞) 공영주차장(시),37.56957236,127.0117553
청계6(동평화) 공영주차장(시),37.56958163,127.0130979
청계5(방산동) 공영주차장(시),37.56947993,127.0035276
공유) 삼풍상가4구간(18~21)(구),37.56517035,126.9954911
코오롱빌딩 옆(구),37.5675574,126.978479
공유) 삼풍상가4구간 4-22면(장애인전용)(구),37.56561667,126.9954448
조선호텔 앞(구),37.56391882,126.9801628
다동쉼터(구),37.567901,126.980001
한국관광공사 옆(구),37.568139,126.982001
청소년회관 뒤 노상 공영주차장(구),37.56734809,126.9903457
청계2(충무로) 공영주차장(시),37.5669511,126.9926408
공유) 삼풍상가3구간 3-01면(장애인전용)(구),37.56620533,126.9957765
공유) 삼풍상가4구간(23~26)(구),37.56626933,126.9953819
남대문시장3번게이트 이륜차 주차장(시),37.56098664,126.9783661
서울스퀘어빌딩앞 이륜차 전용주차장(시),37.55510554,126.973233
남대문시장2번게이트앞 이륜차 주차장(시),37.56081326,126.9775357
공유) 진양상가2구간(18~22)(구),37.56354219,126.9956508
남산케이블카 공영주차장(시),37.55631925,126.9841524
공유) 삼풍상가3구간(02~12)(구),37.56540628,126.995847
국제화재빌딩 옆(구),37.5578897,126.976125
마른내길 공영주차장(시),37.56427378,126.9945106
남산파출소 공영주차장(시),37.55486044,126.9819955
남대문피혁상가 남측(구),37.558696,126.972696
공유) 진양상가2구간(14~16)(구),37.5631502,126.9956904
공유) 진양상가1구간(03~05)(구),37.563357,126.996042
남산공원 소파로 관광버스전용 주차장(시),37.55604371,126.9778484
청계8가 공영주차장(시),37.57000613,127.0172976
청계3(동호로) 공영주차장(시),37.56883289,127.0019846
뉴국제호텔 앞(구),37.568191,126.977892
소파로케이블카앞 관광버스전용 주차장(시),37.55519966,126.9837428
중앙우체국옆 이륜차 주차장(구),37.56198473,126.9816819
진양상가노상공영주차장(구),37.56277131,126.9961023
중곡복개천 공영주차장(B)(구),37.55962723,127.0870241
중곡복개천 공영주차장(구),37.56033903,127.0861719
신성시장길공영노상주차장(구),37.55736064,127.0899637
송림 기사식당길 공영주차장(구),37.53438033,127.0750944
천호2동제2(구),37.54009785,127.1230529
공유) 주양쇼핑옆 주차장(구),37.55283718,127.1531269
공유) 주양쇼핑앞 주차장(구),37.5517763,127.1543037
공유) 15-가600구간(구),37.530569,127.1236624
주양쇼핑앞(구),37.55177331,127.1543555
주양쇼핑옆(구),37.55289288,127.1531199
덕성엔앰피(구),37.47261312,126.8835127
두산공원A~B(구),37.47312649,126.8940189
BYC(구),37.47774452,126.8828562
아톰(구),37.47137156,126.8827591
요업기술원-LG전자뒤(구),37.47318516,126.8885657
가산중앞(구),37.46875063,126.8949559
삼환아파트(구),37.46479102,126.8905528
신천지(구),37.47248356,126.8974399
가산중뒤(구),37.46718681,126.8930366
기륭전자(구),37.47384115,126.887521
범일운수~신세계물류센터(구),37.46703407,126.890455
만승뒤(협동봉제조합)(구),37.4791502,126.8884759
웅진코웨이~sk트윈타워(구),37.4741874,126.8842732
가산디지털환승(구),37.48515886,126.8812049
우리은행(구),37.47671941,126.8904738
세일철강~LG전자연구소(구),37.47032931,126.8861321
두산공원A~B(구),37.47358427,126.8937675
LG텔레콤(구),37.47480395,126.8874506
SJ테크노빌(구),37.47981241,126.8836268
국도화학(구),37.47400213,126.8817529
웅진코웨이~sk트윈타워(구),37.47599451,126.8836332
공유) 가산동 01-51구역(구),37.48336059,126.8844719
사조냉장-무등실업(구),37.4708634,126.8916532
서부간선도로(구),37.47202979,126.8810482
방배복개도로 제1지역 노상공영주차장(구),37.47820939,126.9825832
방배복개도로 제2지역 노상공영주차장(구),37.48212783,126.9826331
방배중앙로 노상공영주차장(구),37.49513255,126.9858743
방배복개도로 제1지역 노상공영주차장(구),37.48084519,126.9824301
공유) 3-66(구),37.48870004,127.0074067
마장동거주자우선주차장(구),37.565149,127.039444
뚝도시장(구),37.53784492,127.0543837
거주자우선주차장(구),37.56939855,127.0396651
마장축산물시장 남문(구),37.56825278,127.0408665
마장축산물시장 현대아파트 앞 노상공영주차(구),37.56979102,127.0441156
성수역 3번출구 앞(구),37.54279479,127.0564613
장한평자동차시장 노상공영주차장(구),37.56031618,127.0634813
KT성수분국 앞(구),37.54497008,127.0612047
"신정1,3동 복개(구)",37.51967689,126.8538633
파리공원(구),37.53380939,126.8771989
신정4동길(구),37.52754439,126.8547368
신월1동저지복개2구역(구),37.53517912,126.8344786
청계8가(남) 공영주차장(시),37.56982614,127.0289389
현대41타워앞(구),37.52776366,126.875555
양천경찰서(구),37.51644904,126.8652721
신월5동복개주차장(구),37.53757014,126.8280552
한전뒷길(구),37.51983991,126.869201
양천공원옆(구),37.51893609,126.8686489
양천구청(구),37.51716875,126.8671673
법안정사(구),37.53588926,126.8775051
세우빌딩앞 노상주차장(구),37.53062851,126.9256966
KBS별관뒤 노상주차장(구),37.51879126,126.9283421
미래에셋빌딩 앞 노상주차장(구),37.51919016,126.9282084
도림고가 노상주차장(구),37.51208972,126.8979786
교보생명옆 노상주차장(구),37.52113496,126.8925187
교보생명 앞 노상주차장(구),37.52148234,126.8914413
문래동주민센터 앞 노상주차장(구),37.51684131,126.9001172
동문굿모닝탑 옆(구),37.51507494,126.8611521
산업은행앞 노상주차장(구),37.52774837,126.9205569
MBC방송국뒤 노상주차장(구),37.52438623,126.9305561
KBS본관 앞 노상주차장(구),37.52521367,126.9182304
국민일보사옥앞 노상주차장(구),37.52966515,126.9249346
성애병원 앞 노상주차장(구),37.51193769,126.9222371
한국거래소앞 노상주차장(구),37.52214771,126.9278991
당산고가 밑 이륜차 전용주차장(구),37.53329412,126.901493
여의도공원앞3 노상주차장(구),37.52799546,126.9239348
삼환아파트 앞 노상주차장(구),37.51491295,126.8881328
영등포역 이륜차 주차장(구),37.51630014,126.9068388
진주아파트 옆 노상주차장(구),37.51900901,126.9327615
대신시장 노상주차장(구),37.51129572,126.9171167
호성빌딩 앞 노상주차장(구),37.52031036,126.9291858
중소기업중앙회 앞 노상주차장(구),37.52875253,126.9221797
문래1동 공영주차장(시),37.5135531,126.8970301
영등포로터리 공영주차장(시),37.51808443,126.9115547
여의도백화점 앞 노상주차장(구),37.52101603,126.9272812
경호빌딩앞 노상주차장(구),37.52360404,126.9259988
교보생명 앞 노상주차장(구),37.52088675,126.8922637
가든예식장 앞 노상주차장(구),37.51996405,126.9282892
KBS연구관앞 노상주차장(구),37.52712979,126.9157425
KBS별관옆 노상주차장(구),37.5190261,126.9302425
국민은행앞 노상주차장(구),37.52870721,126.9188983
중마루공원앞 노상주차장(구),37.5197808,126.910937
양남사거리 앞 노상주차장(구),37.52241801,126.8915761
영등포중앙시장 노상주차장(구),37.52234304,126.9084084
한진해운 앞 노상주차장(구),37.52294414,126.9253259
화재보험협회 앞 노상주차장(구),37.52084223,126.9259399
벽산디지털밸리앞 노상주차장(구),37.51498139,126.8854759
한강쇼핑(구),37.52067577,126.971307
효창공원2(구),37.54332317,126.9587616
효창공원1(구),37.54651282,126.9608076
삼각지역(구),37.53456874,126.9737372
공유) 당산1동거주자우선주차장(구),37.52549893,126.8988849
경남아파트 앞 노상주차장(구),37.52446034,126.9020584
이촌로54길(구),37.52037313,126.9673278
장충단로(한남광장) 관광버스전용 주차장(시),37.54738352,127.002699
양평동(동) 공영주차장(시),37.53970236,126.8902925
경남아파트 앞 노상주차장(구),37.52437153,126.9022576
여의도공원앞2 노상주차장(구),37.52629786,126.9212003
신흥증권앞 노상주차장(구),37.5245141,126.9266707
홍우빌딩 앞 노상주차장(구),37.52069427,126.9307599
경도상가앞 노상주차장(구),37.51947516,126.9309785
상봉복개(구),37.59340489,127.0873074
묵중안공영주차장(구),37.6030457,127.0774134
중화동(구),37.59439841,127.0723019
우림시장공영주차장(구),37.59866716,127.0978184
나들목공영주차장(구),37.59746028,127.0764288
동부갯 공영주차장(구),37.59925907,127.0954926
매화공영주차장(구),37.5949999,127.0894758
맛솜씨공영주차장(구),37.59849321,127.0973693
주막거리공영주차장(구),37.59353685,127.0785979
양남사거리 앞 노상주차장(구),37.52273063,126.8914573
여의서로 공영주차장(시),37.53313643,126.9172302
태양빌딩앞 노상주차장(구),37.52085263,126.9296251
대림역 공영주차장(시),37.4936884,126.8951696
동아빌딩앞 노상주차장(구),37.52907804,126.9205749
렉싱턴호텔뒤 노상주차장(구),37.52939676,126.9220187
롯데캐슬앞 노상주차장(구),37.5207317,126.9265433
연희사러가쇼핑센터앞(구),37.56824552,126.9311303
대치유수지(구),37.50518289,127.0682641
공유) 노량진2동 나블럭(구),37.512161,126.9389416
개포주공5단지북측(구),37.48878771,127.0686649
일원동맛의거리(구),37.49058511,127.0856213
남대문시장자유상가앞 이륜차 주차장(시),37.56123571,126.9797622
남대문시장알파문구앞 이륜차 주차장(시),37.56054494,126.9767206
남대문시장연세상가앞 이륜차 주차장(시),37.55758396,126.9764029
위례성길(D) 노상공영주차장(구),37.51329548,127.1236697
위례성길(B-1) 노상공영주차장(구),37.51583837,127.1165869
거주자우선주차장(구),37.53038087,127.1240828
유진상가앞(구),37.59160652,126.9437449
교통공원길(C) 노상공영주차장(구),37.51594547,127.0999234
봉상시길(구),37.50917673,127.0798646
방이습지 노상공영주차장(구),37.50947432,127.134359
봉상시길(구),37.51096863,127.0800301
봉상시길(구),37.51033392,127.0801841
로데오길(A) 노상공영주차장(구),37.49121098,127.125441
교통공원길(A) 노상공영주차장(구),37.5165229,127.1035349
동작갯마을(구),37.49610445,126.9825174
삼성동제1공영(구),37.4636279,126.9302622
테헤란로26길(구),37.49985735,127.0359946
은마아파트(구),37.49889314,127.0630357
한신동성아파트옆(구),37.63997207,127.0741531
위례성길(B-2) 노상공영주차장(구),37.51466177,127.1198687
교통공원길(B) 노상공영주차장(구),37.51500216,127.1007026
로데오길(C) 노상공영주차장(구),37.49008986,127.12387
로데오길(B) 노상공영주차장(구),37.49056587,127.1247733
주공12단지상가뒤(구),37.66714746,127.0578156
논현로131길(구),37.514528,127.029968
인왕시장앞(구),37.59133898,126.9434563
삼성동제1공영(구),37.46808544,126.9311042
주공3단지상가주변(구),37.6530156,127.0586923
주공11단지상가뒤(구),37.66525073,127.0570085
용답동거주자우선주차장(구),37.56178318,127.0592536
공유) 18-25(구),37.54597625,127.0619723
창동역 (구)구청별관주차장(구),37.65288178,127.0497614
노원세무서 앞 공영주차장(구),37.65309682,127.0516336
방학동 월드상가 앞 주차장(구),37.66823792,127.0466579
도봉권역공영차고지(시),37.69009914,127.0431044
남부여성발전센터 공영주차장(시),37.462917,126.905718
신성시장길노상공영주차장(구),37.55470191,127.0937551
장안공원지하주차장(구),37.57739367,127.0713961
신방화역 공영주차장(시),37.56706812,126.8175763
송림 기사식당길 공영주차장(구),37.53628529,127.0764772
신성시장길공영노상주차장(구),37.55596302,127.0919363
송림기사식당길(B) 공영주차장(구),37.53231311,127.0755562
송림기사식당길(B) 공영주차장(구),37.53146229,127.0750473
진흥로 공영주차장(시),37.60111934,126.9200032
온수역(남) 공영주차장(시),37.49199117,126.8240654
옥수역 공영주차장(시),37.54218692,127.0173024
돈화문로 공영주차장(시),37.56465348,126.9929129
도봉로 15길 공영주차장(시),37.61690023,127.0280716
원효대교 남단 공영주차장(시),37.52249148,126.937049
가양라이품 공영주차장(시),37.57155732,126.8416529
신영시장 공동주차장(구),37.53302124,126.8362542
마른내길 이륜차 주차장(구),37.56452127,127.0001271
마른내로 공영주차장(시),37.56452675,126.999827
관악신사시장 공영주차장(구),37.48671865,126.9172816
중곡초교(구),37.57427209,127.0837763
DDP동측(양쪽) 관광버스전용 주차장(시),37.56607834,127.0104982
중계4동 임시공영주차장(구),37.65859344,127.0735567
장위전통시장 공영주차장(구),37.61025825,127.0498604
반포4동 주민센터 공영주차장(구),37.497486,127.0003389
양재2동주민센터 공영주차장(구),37.47065988,127.0412941
영등포구청환승주차장(구),37.52462558,126.8956473
정릉천변 공영주차장(구),37.58588626,127.0367039
정화여상 노상(구),37.58473147,127.0405398
동서시장 식품 공영주차장(구),37.58195785,127.0405401
장안보성연립노상주차장(구),37.56581055,127.066268
동서시장 과일채소부 공영주차장(구),37.58072563,127.040607
답십리 부품상가 노상(구),37.56594745,127.0606248
청계천 주변(구),37.57312638,127.0277635
청계천 주변(구),37.57205932,127.0280503
신일피혁주변(구),37.56531853,127.0677929
삼희상가주변(구),37.56878106,127.051601
회기역주변 공영주차장(구),37.59043209,127.0620935
홍제견인보관소(구),37.59066595,126.9407292
목사랑시장(구),37.53897937,126.8653496
석계역 앞(구),37.61572968,127.0651839
상계역 서측 주택가 공영주차장(구),37.6600464,127.0710559
서울약령시공영주차장(구),37.58066496,127.0376321
방배1동 공영주차장(구),37.48549233,126.992476
양재근린공원 공영주차장(구),37.47158991,127.0424135
도봉2동  6공영주차장(구),37.68304002,127.0462397
방배역 노상 공영주차장(구),37.48272209,126.9966798
밤고개로21길 공영주차장(구),37.47354638,127.1144114
이태원1동공영(구),37.53087183,126.9957963
창경궁로2 관광버스 주차허용 구간(시),37.57921259,126.9964856
APM플레이스 앞 관광버스 주차허용 구간(시),37.56569,127.008555
수송초등학교 공영주차장(구),37.63709333,127.0330094
세종대로3 관광버스 승하차 허용 구간(시),37.56339775,126.9769865
토정로 관광버스 주차허용 구간(시),37.5452915,126.9187359
모래내로 관광버스 주차허용 구간(시),37.57398643,126.9239232
청계8가(북) 공영주차장(시),37.57031283,127.0293805
신월3동 여울공영주차장(구),37.53504594,126.8241451
반포복개천 노상공영주차장(구),37.50434412,127.010078
벽산 노상공영(구),37.64098655,127.0192637
보라매상업 공영주차장(시),37.49039184,126.923406
마포중앙도서관 공영주차장(구),37.56376056,126.9083535
신촌노외 공영주차장(구),37.553685,126.934142
신정4동 로데오길(구),37.52785559,126.8624535
새물결 노상 공영주차장(구),37.55645301,126.924933
석촌역(구),37.50629678,127.1084104
구청사주변(구),37.65485612,127.056265
평창동 460-3(구),37.61063372,126.9750532
평창동(구),37.61139335,126.9773053
구본청 부설주차장(구),37.51231037,126.9394481
곰달래로5길 노상(구),37.53468909,126.8317386
신월1동저지복개1구역(구),37.52863174,126.8383582
세종대로1 관광버스 승하차 허용 구간(시),37.56743241,126.9768678
세종대로2 관광버스 승하차 허용 구간(시),37.56606009,126.976938
망원시장 노상공영주차장(구),37.55764382,126.9067025
월드컵시장 노상공영주차장(구),37.55782411,126.9067973
구의2동 주택가 공영주차장(구),37.552973,127.09285
신촌노상 공영주차장(구),37.55540084,126.9350033
대왕초 공영주차장(구),37.46445115,127.1055827
영동6교밑 공영주차장(시),37.49461857,127.0711519
테헤란로69길(구),37.50607246,127.0526846
배오개길 공영주차장(시),37.56513659,126.9983382
공유) 다동(구),37.56742004,126.9801889
공유) 황학동(구),37.57043623,127.020778
영등포구청(구),37.52567413,126.8951831
공유) 영등포구청(구),37.52587865,126.8952301
쌍문2동 5공영주차장(구),37.6600592,127.040885
하나로빌딩옆(구),37.57135365,126.9854681
공유) 12-37(구),37.50630483,127.1177302
15-가600구간(구),37.530428,127.123802
공유) 12-나1100구간(구),37.53946401,127.1245827
공유) 9-88(구),37.55666188,126.9287745
공유) 공유주차장(구),37.520044,126.872086
언주로147길(구),37.51967891,127.0329077
공유) 용신동 B 98구간(구),37.57718969,127.036866
공유) 사당1동 가블럭(구),37.48348238,126.9797315
면목천로 거주자우선주차장A(구),37.59103363,127.0855555
면목천로 거주자우선주차장B(구),37.5899621,127.0849657
면목천로 거주자우선주차장C(구),37.5903172,127.0852752
중화2동 66구간A(구),37.6012082,127.0740728
중화2동 66구간B(구),37.6000934,127.0735427
숙선옹주로 5공영(구),37.61463709,127.0805053
면목천로 거주자우선주차장D(구),37.5895572,127.084858
마곡8 임시 주차장(구),37.556886,126.834794
서울식물원 제2주차장(구),37.57266119,126.8351767
공항2임시(구),37.55717755,126.8164318
양평2동청사 공영(구),37.5364693,126.8938571
문화회관서측 노외주차장(구),37.51635934,126.8625557
신월4동 공영주차장(시),37.525643,126.837692
밝은빛 공영주차장(구),37.5154639,126.8600757
어울림주차장(구),37.5222405,126.8691397
법마을공영주차장(구),37.5216693,126.8605681
서서울주차장(구),37.528565,126.832411
능골주차장(구),37.5334549,126.8246241
벚꽃길주차장(구),37.52756848,126.8599774
한울주차장(구),37.51995355,126.8317642
구름다리주차장(구),37.52421803,126.8328852
문화회관동측(구),37.5161381,126.8629786
마을마당주차장(구),37.53040718,126.8323391
신정7동 한사랑교회 주차장(구),37.5146488,126.8603852
당곡주차장(구),37.52437054,126.8450986
누리 공영주차장(구),37.51540127,126.8627138
신우주차장(구),37.5342655,126.828501
신곡주차장(구),37.5166827,126.8409052
곰달래주차장(구),37.5295809,126.8363976
하늘 공영주차장(구),37.5154315,126.8626049
해맞이공영주차장(구),37.51967896,126.8349072
다락골주차장(구),37.5160912,126.8487839
문화회관 지하주차장(구),37.5161202,126.8630821
가로공원공영주차장(구),37.5363308,126.8322604
신정교주차장(구),37.5171996,126.8779641
가산동 공영주차장(구),37.49749,126.890348
독산2동 지평식주차장4(구),37.465335,126.898323
독산2동 공영주차장(구),37.463583,126.900041
서울숲 공영주차장(구),37.541479,127.042767
거주자노외주차장(구),37.55325753,127.0684519
용답 어울림 공영주차장(구),37.56371143,127.051349
금남시장 공영주차장(구),37.54833561,127.0232602
거주자노외주차장(구),37.54919601,127.0411159
공유) 09-06(구),37.55082911,127.0263227
공유) 08-11(구),37.55311715,127.0315072
하왕십리(건물) 공영주차장(구),37.560316,127.027944
마천동 1공영주차장(구),37.49528692,127.1555608
장지동 공영주차장(구),37.49066,127.134123
송파파크데이 2단지입구앞(구),37.4951848,127.1571441
공유) 한강로동 22구간(구),37.529436,126.96992
03-04-135(구),37.543537,126.973777
03-02-186(구),37.54263,126.974067
공유) 남영동 02구간(구),37.54222,126.97422
공유) 한강로동 32구간(구),37.533789,126.96757
공유) 남영동 01구간(구),37.541234,126.974496
공유) 남영동 04구간(구),37.543262,126.97396
삼각지고가밑 공영주차장(시),37.5370503,126.9695344
강남대로150길(구),37.51574589,127.0203324
벽산공영(구),37.641328,127.02097
공유) 능동 IoT 공유주차장(구),37.551794,127.077711
공유) 광장동 IoT 공유주차장(구),37.550006,127.110444
동서울호텔길 노상공영주차장(구),37.531195,127.091804
동서울 호텔길(B) 공영주차장(구),37.531484,127.091801
공유) 구로중학교A(구),37.494012,126.8899658
공유) 구로중학교B(구),37.494371,126.889312
공유) 16-36(구),37.54849762,127.0398842
공유) 16-01(구),37.55077843,127.0461988
공유) 08-07(구),37.5491963,127.0331097
공유) 11-10(구),37.54904309,127.0209692
공유) 10-04(구),37.54970447,127.0253065
공유) 14-03(구),37.54421176,127.0169118
공유) 18-23(구),37.547366,127.06271
공유) 18-04(구),37.54599245,127.0535917
공유) 08-02(구),37.55168431,127.0293867
공유) 08-01(구),37.552845,127.028425
공유) 15-12(구),37.53993333,127.0490433
공유) 09-05(구),37.55113568,127.0261198
공유) 09-05(구),37.55136108,127.0259535
공유) 10-02(구),37.55104,127.01723
공유) 12-02(구),37.54692833,127.0208196
공유) 03-14(구),37.56613907,127.0311558
공유) 18-21(구),37.54615971,127.0633928
공유) 16-17(구),37.54724412,127.0493209
공유) 15-01(구),37.54566617,127.0457857
공유) 12-01(구),37.54694228,127.0160716
공유) 03-06(구),37.56568,127.0314628
공유) 16-31(구),37.54575549,127.0473468
공유) 15-06(구),37.54127,127.04851
공유) 16-03(구),37.55007668,127.0454961
공유) 18-14(구),37.54636,127.06058
공유) 09-02(구),37.54911975,127.0266455
공유) 16-04(구),37.54868593,127.0454317
공유) 16-30(구),37.54667419,127.04732
공유) 11-05(구),37.548845,127.0171454
공유) 16-06(구),37.54863489,127.0474595
공유) 16-14(구),37.55048072,127.050485
공유) 18-01(구),37.54932,127.0519
공유) 08-10(구),37.55182465,127.0360386
공유) 18-03(구),37.54622,127.05214
공유) 18-02(구),37.54814,127.0514
공유) 15-03(구),37.5436033,127.0454317
공유) 16-09(구),37.55067636,127.0498681
공유) 15-25(구),37.54258429,127.0464243
공유) 08-12(구),37.55455,127.02722
공유) 10-05(구),37.55344499,127.0177423
공유) 15-23(구),37.54015125,127.046863
공유) 18-11(구),37.5479629,127.05991
공유) 16-10(구),37.54989806,127.0497555
공유) 15-27(구),37.54401162,127.0482212
공유) 02-06(구),37.56008429,127.0279271
공유) 04-15(구),37.56834,127.04386
공유) 03-10(구),37.56756125,127.03108
공유) 02-10(구),37.55986,127.0295367
공유) 04-18(구),37.56496801,127.043932
공유) 07-05(구),37.55389119,127.0318133
공유) 03-01(구),37.56784,127.03099
공유) 04-55(구),37.567335,127.0438141
공유) 05-05(구),37.55928391,127.0391822
공유) 03-07(구),37.56495,127.03304
공유) 04-50(구),37.56655107,127.0464081
공유) 04-02(구),37.57028,127.03374
공유) 05-09(구),37.56455287,127.0473716
공유) 04-19(구),37.56601922,127.0435781
공유) 06-05(구),37.5606532,127.0341879
공유) 04-01(구),37.5694,127.0329
공유) 04-04(구),37.57099862,127.034719
공유) 04-24(구),37.56756,127.03442
공유) 05-08(구),37.56016916,127.0493083
공유) 06-11(구),37.55872823,127.0333296
공유) 06-02(구),37.55831008,127.0360011
공유) 04-23(구),37.569135,127.03519
공유) 04-17(구),37.56858,127.045435
공유) 04-22(구),37.56312,127.0396
공유) 06-22(구),37.56453555,127.0376104
공유) 04-20(구),37.56349,127.04189
공유) 02-08(구),37.56172,127.0326853
공유) 04-12(구),37.56734621,127.0379108
공유) 04-14(구),37.56665312,127.0427549
공유) 02-07(구),37.56069,127.030575
공유) 04-49(구),37.56507133,127.0399815
공유) 20-34(구),37.56064519,127.0567091
공유) 04-16(구),37.57005,127.04353
공유)  성동 06-23(구),37.55291967,127.0382563
공유) 17-22(구),37.5368866,127.0529104
공유) 18-10(구),37.54482,127.0575
공유) 18-43(구),37.54537694,127.0510321
공유) 17-02(구),37.5399874,127.0520745
공유) 20-26(구),37.5614279,127.0520475
공유) 17-44(구),37.53553843,127.0544922
공유) 18-44(구),37.54371,127.05656
공유) 17-41(구),37.53509603,127.0540953
공유) 20-33(구),37.56281704,127.0557816
공유) 18-41(구),37.54252667,127.0616967
공유) 17-16(구),37.53915411,127.0564127
공유) 20-11(구),37.56263598,127.0544229
공유) 17-37(구),37.5364445,127.0565575
공유) 18-18(구),37.54396967,127.0599875
공유) 17-11(구),37.53941343,127.0598729
공유) 20-21(구),37.5689747,127.0477277
공유) 17-24(구),37.53689114,127.052207
공유) 20-13(구),37.5629112,127.0557529
공유) 17-13(구),37.5398846,127.0604086
공유) 20-23(구),37.56419963,127.0503509
공유) 20-15(구),37.56136642,127.0550538
공유) 17-40(구),37.53518691,127.0580562
공유) 19-19(구),37.55859925,127.0722431
공유) 17-12(구),37.53998708,127.0605027
공유) 17-25(구),37.53606165,127.0527059
공유) 18-32(구),37.545,127.04997
공유) 18-33(구),37.54492,127.05184
공유) 19-17(구),37.55032487,127.0683294
공유) 20-14(구),37.56183231,127.0554543
공유) 19-12(구),37.55572095,127.069865
공유) 18-48(구),37.54203,127.05939
공유) 17-31(구),37.53706555,127.0569384
공유) 17-26(구),37.53600635,127.0507425
공유) 19-04(구),37.55247535,127.067104
공유) 18-15(구),37.54536844,127.0598781
공유) 18-34(구),37.54375375,127.052825
공유) 15-10(구),37.5412979,127.0508444
공유) 17-38(구),37.53546612,127.0577377
공유) 18-29(구),37.54376918,127.0609671
공유) 18-36(구),37.5426,127.055689
공유) 18-40(구),37.542196,127.0599946
공유) 18-45(구),37.542425,127.058455
공유) 18-46(구),37.54169,127.06351
국민대앞북악주차(구),37.609802,126.99574
비석거리 노상 공영주차장(구),37.49685094,127.1167175
문정골길 노상 공영주차장(구),37.48745324,127.1247432
새마을시장 노상공영주차장(구),37.50902374,127.086557
공유) 신당5동 06(001~014구간)(구),37.5638956,127.0185055
공유) 다산동 03(001~055구간)(구),37.5522274,127.0053559
공유) 장충동 10(005~009구간)(구),37.5590451,127.0026122
공유) 동화동 07(003~012구간)(구),37.5624023,127.0175572
공유) 명동 08(001~003구간)(구),37.5626684,126.9892349
공유) 광희동 01(001~007구간)(구),37.5634669,127.0058028
공유) 필동로(구),37.5572032,126.995785
공유) 국립중앙의료원(구),37.56715533,127.0064637
공유) 중림동 11(001~009구간)(구),37.5588526,126.9617781
공유) 회현동 12(005~013구간)(구),37.5547095,126.9744009
공유) 중림동 11(010~020구간)(구),37.5586998,126.9642864
공유) 청구동 05(001~013구간)(구),37.5558175,127.0132264
공유) 광희동 01(014~019구간)(구),37.5632391,127.0098743
공유) 진양상가1구간 1-01면(구),37.5636599,126.9961039
서소문올리브타워 옆(구),37.56167033,126.972954
공유) 중화2동 11구간(구),37.59672,127.071023
공유) 면목5동 14구간(구),37.586284,127.0834107
공유) 면목본동 22구간(구),37.58575267,127.0838673
공유) 면목2동 10구간(59~61)(구),37.5885405,127.075907
공유) 면목2동 10구간(25~27)(구),37.588167,127.074816
세종로 공영주차장(시),37.57340269,126.9758843
서인사마당공영(구),37.57352191,126.9838041
종묘주차장 공영주차장(시),37.57150398,126.9949689
거주자우선(IOT공유)(구),37.4935345,126.9171997
명광교회공영주차장(구),37.58674057,126.9964757
창신1동공영주차장(창일공영)(구),37.57488143,127.0150838
동묘공영주차장(구),37.57328256,127.0189327
다동공원 제4부지 공영주차장(구),37.56823533,126.9802511
거주자우선(IOT공유)(구),37.4938806,126.9180979
거주자우선(IOT공유)(구),37.4944547,126.9191743
훈련원공원 공영주차장(시),37.56740014,127.0035206
묵정공원지하 공영주차장(구),37.56379141,126.9997956
초동 공영주차장(구),37.56416856,126.9921356
동화동 공영주차장(구),37.56137409,127.0190004
신당역 공영주차장(구),37.56535145,127.0206965
성곽 공영주차장(구),37.55054127,127.0048432
청구 공영주차장(구),37.55897429,127.0134054
충현 공영주차장(구),37.55220869,127.0056811
다산동 공영주차장(구),37.55454233,127.0085243
버티 공영주차장(구),37.549065,127.006274
동산 공영주차장(구),37.55634366,127.0159761
서소문삼성생명뒤(구),37.561784,126.974236
문화공영주차장(구),37.55654107,127.0109609
신당사거리 공영주차장(구),37.56512357,127.0170201
약수동 공영주차장(구),37.55222214,127.0133576
장충 공영주차장(구),37.56001,127.0013165
손기정체육공원 공영주차장(구),37.55559696,126.964973
서계동공영주차장(구),37.55163663,126.9643958
신창공영주차장(구),37.5353106,126.9552132
용문동 공영주차장(구),37.53894931,126.9575677
용산전자상가3(구),37.53258192,126.9603249
용산전자상가5(구),37.53381412,126.9634154
용산전자상가2(구),37.53266756,126.9630887
용산전자상가1(구),37.53204956,126.96478
한남유수지공영주차장(구),37.5298673,127.0074007
이태원2동 공영주차장(구),37.54036639,126.9926584
한강진 역공영주차장(시),37.53952176,127.0025796
용산주차빌딩 공영주차장(시),37.53436379,126.9654182
용산2가소월주차장(구),37.54621474,126.9855822
응봉동(건물) 공영주차장(구),37.55334376,127.0307424
도선동(지하) 공영주차장(구),37.565567,127.0316914
홍익동(건물) 공영주차장(구),37.5656391,127.033905
성수1가1동(건물) 공영주차장(구),37.53996228,127.0463849
성수2가3동(건물) 공영주차장(구),37.54913662,127.0551983
성수2가1동(건물) 공영주차장(구),37.53716718,127.0561968
강변(건물) 공영주차장(구),37.53696583,127.0490425
용답동(건물) 공영주차장(구),37.56458022,127.0543217
자양유수지 공영주차장(구),37.529677,127.077601
동서울 노외주차장(구),37.53352007,127.0913292
구의1동 공영주차장(구),37.53828214,127.0878917
능동공영주차장(구),37.55402859,127.0802703
화양동 공영(구),37.54530284,127.0712188
자양4동 공영주차장(구),37.53867795,127.0682434
외대역주차빌딩 공영(구),37.59504107,127.0626248
청량리동 노외주차장(구),37.58404715,127.0490188
장영당길 공영주차장(구3동)(구),37.56865003,127.0531628
동답 공영주차장(구),37.56938534,127.0635549
회기동 공영주차장(구),37.59208429,127.0554514
청량리동 공영주차장(구),37.58544944,127.0445522
늘봄주차장(구),37.58985533,127.0964356
용마폭포공원공영주차장(구),37.57337582,127.0911424
까치공원공영주차장(구),37.58344393,127.0873474
원묵 고등학교 공용 지하주차장(구),37.61542338,127.0860494
은행나무공영주차장(구),37.58701918,127.0914957
면목5동공영주차장(구),37.58296438,127.080075
봉화산역(남) 공영주차장(시),37.61642995,127.0919719
동원시장공영주차장(구),37.58987969,127.0931487
상봉2동공영주차장(구),37.59305102,127.084216
중화1동공영주차장(구),37.60270927,127.0816571
시네마빌딩공영주차장(구),37.59916723,127.014741
벤처빌딩(구),37.60939012,127.0532463
마을공원(구),37.61717024,127.0533551
대지시장길 공영주차장(구),37.62016376,127.0203164
동방고개(구),37.61469255,127.0410032
송중동 공영주차장(구),37.61165492,127.0336362
시범 공영주차장(구),37.64005648,127.0259585
오패산공영주차장(구),37.6221541,127.0311473
냉천길 공영주차장(구),37.62400561,127.0195385
인수동 공영주차장(구),37.63608367,127.0184499
쌍문2동 2공영주차장(구),37.65323992,127.0335551
도봉2동 법조타운 공영주차장(구),37.67364352,127.0464697
교통광장 공영주차장(구),37.663387,127.012621
창2동4공영주차장(구),37.64124421,127.0362985
우이동 공영주차장(무인)(구),37.65671789,127.011637
동막골 (구),37.67528134,127.086413
수색동공영주차장(구),37.58049896,126.8989315
창1동 1공영주차장(구),37.64713168,127.0371994
창3동 1공영주차장(구),37.6331568,127.041342
새장골공영주차장(구),37.62446275,126.9235464
건영백화점앞(구),37.63958481,127.0651987
등나무근린공원(구),37.64027756,127.0676992
응암3동 공동주차장(구),37.59345156,126.9153949
역말 공영주차장(구),37.607564,126.916549
충현동 제1거주자우선주차장(구),37.56518547,126.9646069
갈현1동공영주차장(구),37.62648828,126.915338
마포유수지(시),37.53890027,126.9426686
상암1 공영주차장(구),37.57727445,126.8972079
목동공영주차장(구),37.52769446,126.8780567
망원1-1 공영주차장(구),37.55602414,126.9000466
염리 공영주차장(구),37.54199792,126.9452373
목2동 월촌(구),37.54595116,126.874623
성산2-1 공영주차장(구),37.56479289,126.9067217
한두공영주차장(구),37.54876937,126.8662288
우리공영주차장(구),37.53665073,126.8791772
웃우물 공영주차장(시),37.52379759,126.8514175
광장주차장(구),37.53545496,126.8793819
목동체비지 공영주차장(시),37.53679354,126.8806468
달마을주차장(구),37.54437302,126.8716376
망원2-1 공영주차장(구),37.55778757,126.9015162
한서 공영주차장(구),37.552871,126.9493333
목3동 해운주차장(구),37.54193427,126.8651302
등촌 2-1 공영주차장(구),37.54982067,126.8613437
화곡7-1 공영주차장(구),37.53601946,126.8391666
방화역(서) 공영주차장(시),37.57757395,126.8121746
방화역(동) 공영주차장(시),37.57730116,126.8133148
개화산역 공영주차장(시),37.57224302,126.8051898
화곡5-1 공영주차장(구),37.54391908,126.8397247
공항동(송정역)(시),37.56034439,126.8106649
가양3동 공영주차장(시),37.56033753,126.8597755
화곡2-1 공영주차장(구),37.53604907,126.8524573
화곡6-1 공영주차장(구),37.55298682,126.8484342
화곡5-2 공영주차장(구),37.54423955,126.8407541
화곡본-2 공영주차장(구),37.54432744,126.8484532
화곡본-1 공영주차장(구),37.53975106,126.8497943
화곡8-2 공영주차장(구),37.53771095,126.8503608
화곡 8-1 공영주차장(구),37.53851801,126.8488947
화곡5-3 공영주차장(구),37.54338824,126.8423255
영보빌딩 공영주차장(시),37.56332959,126.8530818
구로5동마을공동주차장(구),37.50085864,126.8860481
구로3동마을주차장(구),37.48502453,126.8884429
효봉공영주차장(구),37.46077721,126.9109648
구로리공원지하주차장(구),37.4908967,126.8916049
고척1동마을공동주차장(구),37.50228329,126.8639327
독산1동공영주차장(구),37.46497295,126.8948092
독산3동 공영주차장(구),37.4794979,126.9063548
구로2동 마을공동주차장(구),37.4914815,126.8883121
시흥1동 공영주차장(구),37.45065167,126.8967259
독산2동 공영주차장(구),37.46385909,126.9000615
신길환승(5호선)(구),37.51775234,126.9146039
영등포본동제1공영(구),37.51440196,126.9091795
시흥3동 공영주차장(구),37.44294835,126.9057481
가산동공영주차장(구),37.47666086,126.8955775
상인회주차장(구),37.45327415,126.9033128
견인보관소 노외(구),37.48299347,126.8758199
문래근린공원 공영(구),37.51544615,126.8937947
문래동공영(구),37.51631443,126.8877957
영등포동제1공영(전통시장)(구),37.52091713,126.910092
당산1동공영(구),37.52376124,126.8996074
유수지복개(양평)주차장(구),37.52900132,126.890164
당산2동(구),37.52824898,126.9077945
영등포동제2공영(구),37.523784,126.9085816
신길4동 공영주차장(구),37.50528074,126.9120866
대림3동 공영주차장(구),37.4980273,126.9004971
대림2동공영(구),37.49153125,126.8997271
도림초교공영(구),37.5081015,126.9074586
대림1동공영(구),37.49314103,126.9016337
흑석빗물펌프장공영주차장(구),37.50858008,126.9629759
도림동 공영주차장(구),37.50834696,126.8967964
대림어린이공원 공영(구),37.49120884,126.9034886
공유) 성대주차장(구),37.497255,126.933865
구릉주차장(구),37.49873369,126.9274502
공유) 은행나무골(구),37.481083,126.97161
서광주차장(구),37.48879884,126.9078418
대방생태공영주차장(구),37.50018478,126.9262925
신길4동1마을공원 공영(구),37.50718232,126.9117476
원신공영주차장(구),37.469935,126.9292853
조원동 제1공영주차장(구),37.48108305,126.9057404
보라매제1공영주차장(구),37.48858808,126.9345485
대치2문화센터 공영주차장(구),37.50227954,127.0642044
행운동제1공영주차장(舊 봉천6동 까치공영주차장)(구),37.47993264,126.9606751
구룡산제2호(구),37.47725982,127.0664774
양재주차빌딩(구),37.47860952,127.0413691
일원역 공영주차장(시),37.48468629,127.0840899
탄천 공영주차장(구),37.508712,127.068195
논현로32길15 공영주차장(구),37.48430646,127.0434181
도곡로 421 공영주차장(구),37.49782255,127.0564863
사당노외 공영주차장(시),37.47543791,126.9837737
개포동공원 공영주차장(구),37.48949036,127.0662384
대청역 공영주차장(구),37.49495555,127.0793237
구룡산제1호(구),37.47791276,127.0660547
이수 공영주차장(구),37.49609844,126.9852359
시민의숲 동측 공영주차장[양재시민의숲역 4호점](구),37.4723039,127.0382265
구룡공원 공영주차장(구),37.471637,127.048511
도곡로 327 공영주차장(구),37.496258,127.0517404
반포동 방음언덕형 공영주차장(구),37.50486336,127.0183587
중앙로공영주차빌딩(구),37.48225393,126.9920358
언남문화체육센터 공영주차장(구),37.47217874,127.0443181
강남치매지원센터 공영주차장(구),37.5102479,127.0464583
수서역북 공영주차장(시),37.48801285,127.09995
난곡동제1공영주차장(舊신림3동 공영주차장)(구),37.47220821,126.9231583
언구비 공영주차장(구),37.50474149,127.0209818
천호유수지 주차장(구),37.54482977,127.1218993
신천유수지 공영주차장(시),37.52231457,127.1029033
무궁화공영주차장(구),37.49237053,127.0167808
문정근린공원(구),37.48599491,127.1246487
교대역동측주차장(구),37.49383778,127.0155087
천호1동 주차장(구),37.544695,127.136656
반포둥근마을 공영주차장(구),37.50003784,127.0104628
동산마을 공영주차장(구),37.47009388,127.0443261
서래마을공영주차장(구),37.49715663,126.9987789
천호3동 주차장(구),37.53890256,127.1332549
방이동 공영주차장(구),37.51375908,127.1137851
명일동 주차장(구),37.55097027,127.1429222
복정역 공영주차장(시),37.47005293,127.1277329
아시아공원 공영주차장(구),37.5102769,127.078388
온조대왕 문화체육관옆(구),37.555803,127.156827
가락 1공영주차장(구),37.49442481,127.1188451
일원1동(기계식)(구),37.48948769,127.0817655
마천동 2공영주차장(구),37.49436437,127.1561092
남산한옥마을 공영주차장(시),37.56005799,126.9931608
도봉산 공영주차장(시),37.6876442,127.0406603
암사1동 공영주차장(시),37.55237413,127.1351228
개운산(구),37.59688064,127.026406
필동 공영주차장(구),37.55660191,126.9958942
천호역 공영주차장(시),37.53849749,127.1251285
삼전동공영주차장(구),37.50025109,127.0958954
안말 주차장(구),37.531248,127.129855
송파동 공영주차장(구),37.50704487,127.1133641
석촌고분 공영주차장(구),37.5019629,127.1022954
가락 2공영주차장(구),37.49483782,127.119624
거여동 공영주차장(구),37.49227702,127.1503834
풍납2 공영주차장(구),37.53604678,127.116075
풍납1공영주차장(구),37.53551936,127.1202916
공유) 대방동주민센터(8~22구간)(구),37.5074488,126.9263294
공유) 동작도서관(06~10구간)(구),37.50648789,126.9408413
공유) 동작도서관(01~05구간)(구),37.50631944,126.9406907
공유) 동작도서관(16~19구간)(구),37.50676,126.941245
공유) 동작도서관(22~26구간)(구),37.50669,126.9415617
공유) 등용로(구),37.512108,126.931892
공유) 서울공고(93~94구간)(구),37.500392,126.922511
공유) 서울공고(95~99구간)(구),37.50039925,126.922251
공유) 장승배기로D(구),37.50307,126.939858
공유) 사당동 남일교회(1~19 구간)(구),37.4880562,126.9783804
공유) 서울공고(100~104구간)(구),37.50040505,126.922043
공유) 서울공고(110~114구간)(구),37.50041955,126.921523
공유) 서울공고(105~109구간)(구),37.50041085,126.921835
공유) 사당3동 다112(구),37.4860487,126.9728352
공유) 동작도서관(67~70구간)(구),37.506008,126.9406307
공유) 동작도서관(71~76구간)(구),37.50616183,126.9404193
공유) 상도동 134번지 일대(102~123구간)(구),37.4974848,126.9542817
공유) 상도래미안(60~70구간)(구),37.5064223,126.935497
공유) 상도래미안(60~70구간)(구),37.506417,126.9355721
공유) 장승배기로C(구),37.50260175,126.9401528
공유) 장승배기로B(구),37.502278,126.940426
공유) 장승배기로A(구),37.50215,126.9405645
테헤란로78길(구),37.50562,127.055442
공유) 22-29(구),37.578319,126.812219
영동대로86길(구),37.507703,127.064337
적선동 버스전용 주차장(시),37.574735,126.973856
마장동 공영주차장(시),37.569138,127.034777
남산소파길 공영주차장(시),37.55695635,126.9859013
공유) 대림역 4번출구 (구),37.494118,126.893141
공유) 구로5동 주민센터(구),37.499666,126.888027
공유) 구로중앙로28길(구),37.4991995,126.8872005
고척리본타운주차장(구),37.505144,126.857434
공유) 능동로24길 IoT 공유주차장(구),37.552086,127.079333
대흥공영주차장(구),37.556133,126.945174
망원나들목공영주차장A동(구),37.553052,126.90051
신길역사(1번출구) 거주자우선주차장(구),37.516239,126.917338
살피재 공유주차장(구),37.4972789,126.95405
살피재 주차장(구),37.4972758,126.953904
살피재 공유주차장(구),37.4972009,126.95394
공유) 창신동 49번~53번(창삼 제1공영주차장)(구),37.575867,127.012512
공유) 삼청동 주민센터(구),37.584849,126.981906
공유) 19-02(구),37.549477,127.0644271
공유) 14-02(구),37.54411966,127.0164782
공유) 19-01(구),37.54869018,127.0624101
공유) 03-15(구),37.56679769,127.0335764
공유) 03-20(구),37.56428676,127.0354557
공유) 18-05(구),37.54868,127.05543
공유)  17-29(구),37.53601,127.05373
남산예장 관광버스전용 주차장(시),37.559821,126.989076
장안1동 공영주차장(시),37.56941,127.066994
공유) 성북구 복사골 주차장(구),37.594806,126.993478
공유) 성북구 도담도담 주차장(구),37.594584,126.993775
공유) 성북구 심우장 주차장(구),37.594546,126.994284
면목유수지 공영주차장(시),37.579494,127.081451
공유) 중화2동 21구간(구),37.594108,127.072002
공유) 화랑마을 공영(구),37.608739,127.080165
공유) 용마산로524 공영(구),37.597816,127.100005
훈련원공원 앞 관광버스 전용 주차장(시),37.566755,127.004177
DDP 패션몰 앞 관광버스 주차허용 구간(시),37.56786348,127.0114714
성촌공원 남측 관광버스 주차허용 구간(시),37.53056542,126.9539125
성암로 관광버스 주차허용 구간(시),37.581002,126.892587
이태원 입구 관광버스 승하차 허용 구간(시),37.53415363,126.9895823
신세계면세점 명동점 앞 관광버스 승하차 허용 구간(시),37.56006843,126.9812822
옥수유수지(평면) 공영주차장(구),37.541363,127.018293
공유) 19-21(구),37.550551,127.067161
공유) 동작도서관(11~15구간)(구),37.506779,126.940906
소금나루도서관 공영주차장(구),37.5496,126.94613
응봉동(평면) 공영주차장(구),37.549237,127.033572
뚝섬유수지(평면) 공영주차장(구),37.54982,127.041794
공유) 04-03(구),37.57153844,127.0363513
공유) 05-04(구),37.55835,127.03964
공유) 05-10(구),37.56016,127.048561
공유) 08-03(구),37.55142,127.0301217
공유) 10-01(구),37.55482716,127.017231
공유) 15-21(구),37.53702,127.0474
공유) 19-20(구),37.55785242,127.0721079
공유) 19-03(구),37.55036163,127.0654141
공유) 17-33(구),37.5368867,127.059489
공유) 17-27(구),37.53570433,127.051863
공유) 17-18(구),37.538745,127.059587
거여동 거주자상생주차장(구),37.493986,127.146035
갈산 거주자우선주차장(구),37.510638,126.870335
효자로 관광버스 주차허용 구간(시),37.58388333,126.97105
여의도공원 공영주차장(시),37.523151,126.916496
공유) 진양상가1구간 1-02면 (장애인전용)(구),37.5634183,126.9961205
쌍문2동 5공영주차장(구),37.660061,127.040884
자양전통시장 공영주차장(구),37.533767,127.081636
도림고가 노상주차장(구),37.5124045,126.8976111
어울림소공원 공영주차장(구),37.616735,127.035341
민속의 집 주차장(구),37.559645,127.168587
휘경유수지(구),37.58988,127.069266
둔촌역전통시장(구),37.528524,127.133681
성내전통시장 주차장(구),37.53334,127.128258
고분다리전통시장 주차장(구),37.542974,127.132245
천호3동제2 주차장(구),37.54053,127.134109
정릉천복개 공영주차장(구),37.580998,127.035313
가오천 노상공영(구),37.64378282,127.0241615
아카데미 노상공영(구),37.64481108,127.00511
화곡3-1 공영주차장(구),37.54178033,126.834743
화곡4-1 공영주차장(구),37.53431225,126.8610576
화곡1-1 공영주차장(구),37.53142687,126.839887
곰달래 문화복지센터 공영주차장(구),37.52904612,126.8488608
홍은 1동 제4 공영 주차장(구),37.60142195,126.9489426
창천중교 공영주차장(구),37.55473789,126.9394374
도화 공영주차장(구),37.54155295,126.9499337
빨래골 노상공영(구),37.63192054,127.0184517
면목2동공영주차장(구),37.58795027,127.0808579
목동노외 공영주차장(시),37.53344049,126.8766097
중곡3동 마을공원 주차장(구),37.56993873,127.0846931
도화공영주차장(구),37.49982342,126.9355137
부군당길공영주차장(구),37.57823238,127.0546185
구산동 마을공원 지하공동주차장(구),37.61473937,126.9084649
구세군길 공영주차장(무인)(구),37.62617605,127.0134424
가오리 공영주차장(구),37.64160736,127.0149816
삼양시장길 공영주차장(무인)(구),37.6259019,127.0157754
삼양마을공원지하 공영주차장(구),37.62274538,127.0184279
색동공원 공영주차장(구),37.63322721,127.0207105
비봉주차장(구),37.61217999,126.9565353
신도림역환승주차장(구),37.50733447,126.8916532
구로아트밸리 지하주차장(구),37.4969958,126.8895983
